Subs#,Net Name,Side,Subs X,Subs Y
1,CI_0_I,E,5.835429,4.828359
2,VDD,E,4.667096,3.476854
3,CI_1_I,E,5.915722,4.532474
4,VSS,E,2.4,1.72
5,CI_2_I,E,5.988808,4.243932
6,V18,E,3.8,2.435
7,CI_3_I,E,6.057061,3.954289
8,VSS,E,2.4,1.48
9,CI_4_I,E,6.118221,3.674332
10,VDD,E,4.82287,2.789589
11,CI_CLK_I,E,6.178352,3.375453
12,VSS,E,2.4,1.22
13,CI_TKN_O,E,6.229325,3.098683
14,V18,E,3.8,1.855
15,CI_V_I,E,6.276845,2.815449
16,VSS,E,2.4,0.99
17,CI_5_I,E,6.318805,2.538482
18,VDD,E,4.972081,1.900281
19,CI_6_I,E,6.357501,2.252387
20,VSS,E,2.4,0.85
21,CI_7_I,E,6.391575,1.965666
22,V18,E,3.8,1.125
23,CI_8_I,E,6.419875,1.690439
24,VSS,E,2.4,0.61
25,BSG_TAG_EN_I,E,6.445389,1.396093
26,VDD,E,5.065741,0.985051
27,BSG_TAG_DATA_I,E,6.464497,1.125965
28,VSS,E,2.4,0.39
29,BSG_TAG_CLK_I,E,6.480025,0.844733
30,V18,E,3.8,0.42
31,DDR_DM_3_O,E,6.491144,0.562555
32,VSS,E,2.4,0.16
33,DDR_DQS_P_3_IO,E,6.49809,0.261288
34,VDD,E,5.099648,0.099927
35,DDR_DQS_N_3_IO,E,6.499989,-0.020101
36,VSS,E,2.4,-0.08
37,DDR_DQ_24_IO,E,6.49746,-0.301306
38,V18,E,3.8,-0.267527
39,DDR_DQ_25_IO,E,6.490835,-0.572269
40,VSS,E,2.4,-0.308161
41,DDR_DQ_26_IO,E,6.479571,-0.854287
42,VDD,E,5.077856,-0.792118
43,DDR_DQ_27_IO,E,6.464224,-1.130268
44,VSS,E,2.4,-0.53
45,DDR_DQ_28_IO,E,6.444267,-1.410338
46,V18,E,3.8,-0.955
47,DDR_DQ_29_IO,E,6.419873,-1.690463
48,VSS,E,2.4,-0.76
49,DDR_DQ_30_IO,E,6.391631,-1.965159
50,VDD,E,5.00122,-1.670738
51,DDR_DQ_31_IO,E,6.358383,-2.245429
52,VSS,E,2.4,-0.99
53,DDR_DQ_16_IO,E,6.320921,-2.523689
54,V18,E,3.8,-1.67
55,DDR_DQ_17_IO,E,6.277964,-2.808427
56,VSS,E,2.4,-1.12
57,DDR_DQ_18_IO,E,6.230181,-3.09382
58,VDD,E,4.907855,-2.326317
59,DDR_DQ_19_IO,E,6.177815,-3.378241
60,VSS,E,2.4,-1.35
61,DDR_DQ_20_IO,E,6.121245,-3.659906
62,V18,E,3.8,-2.245
63,DDR_DQ_21_IO,E,6.059127,-3.945172
64,VSS,E,2.4,-1.59
65,DDR_DQ_22_IO,E,5.992734,-4.227839
66,VDD,E,4.725182,-3.238562
67,DDR_DQ_23_IO,E,5.916045,-4.531242
68,VSS,E,2.4,-1.84
69,DDR_DM_2_O,S,4.885484,-5.819298
70,V18,S,2.87,-3.8
71,DDR_DQS_P_2_IO,S,4.567037,-5.906623
72,VSS,S,1.71,-2.4
73,DDR_DQS_N_2_IO,S,4.225661,-5.993264
74,VDD,S,2.977988,-4.783733
75,DDR_CK_P_O,S,3.927462,-6.063126
76,VSS,S,1.47,-2.4
77,DDR_CK_N_O,S,3.625526,-6.128403
78,V18,S,2.21,-3.8
79,DDR_CKE_O,S,3.336793,-6.185743
80,VSS,S,1.3,-2.4
81,DDR_CS_N_O,S,3.050015,-6.237824
82,VDD,S,2.309818,-4.91059
83,DDR_RAS_N_O,S,2.760855,-6.285467
84,VSS,S,1.08,-2.4
85,DDR_CAS_N_O,S,2.472534,-6.328142
86,V18,S,1.46,-3.8
87,DDR_WE_N_O,S,2.193083,-6.364934
88,VSS,S,0.85,-2.4
89,DDR_RESET_N_O,S,1.908688,-6.397787
90,VDD,S,1.416933,-5.029022
91,DDR_ODT_O,S,1.621484,-6.426292
92,VSS,S,0.6,-2.4
93,DDR_ADDR_0_O,S,1.339977,-6.449697
94,V18,S,0.73,-3.8
95,DDR_ADDR_1_O,S,1.0523,-6.468994
96,VSS,S,0.38,-2.4
97,DDR_ADDR_2_O,S,0.771009,-6.483361
98,VDD,S,0.499689,-5.091192
99,DDR_ADDR_3_O,S,0.490914,-6.493257
100,VSS,S,0.138616,-2.4
101,DDR_ADDR_4_O,S,0.210339,-6.498762
102,V18,S,0.04,-3.8
103,DDR_ADDR_5_O,S,-0.070157,-6.499862
104,VSS,S,-0.082232,-2.4
105,DDR_ADDR_6_O,S,-0.361748,-6.496339
106,VDD,S,-0.400971,-5.094329
107,DDR_ADDR_7_O,S,-0.643184,-6.488423
108,VSS,S,-0.303727,-2.4
109,DDR_ADDR_8_O,S,-0.91495,-6.476565
110,V18,S,-0.64,-3.8
111,DDR_ADDR_9_O,S,-1.195361,-6.45998
112,VSS,S,-0.55,-2.4
113,DDR_ADDR_10_O,S,-1.466565,-6.439727
114,VDD,S,-1.283797,-5.04176
115,DDR_ADDR_11_O,S,-1.750243,-6.414092
116,VSS,S,-0.78,-2.4
117,DDR_ADDR_12_O,S,-2.055215,-6.381437
118,V18,S,-1.36,-3.8
119,DDR_ADDR_13_O,S,-2.346006,-6.345356
120,VSS,S,-1.01,-2.4
121,DDR_ADDR_14_O,S,-2.638093,-6.304225
122,VDD,S,-2.240303,-4.921891
123,DDR_ADDR_15_O,S,-2.94431,-6.255805
124,VSS,S,-1.16,-2.4
125,DDR_BA_0_O,S,-3.224083,-6.206789
126,V18,S,-2.15,-3.8
127,DDR_BA_1_O,S,-3.522065,-6.149518
128,VSS,S,-1.41,-2.4
129,DDR_BA_2_O,S,-3.817869,-6.087451
130,VDD,S,-2.893275,-4.801661
131,DDR_DQS_P_1_IO,S,-4.116673,-6.019423
132,VSS,S,-1.65,-2.4
133,DDR_DQS_N_1_IO,S,-4.405409,-5.948537
134,V18,S,-2.76,-3.8
135,DDR_DM_1_O,S,-4.71221,-5.867598
136,VSS,S,-1.91,-2.4
137,DDR_DQ_8_IO,W,-5.953401,-4.386241
138,VDD,W,-4.744015,-3.157213
139,DDR_DQ_9_IO,W,-6.02007,-4.113939
140,VSS,W,-2.4,-1.58
141,DDR_DQ_10_IO,W,-6.081659,-3.844264
142,V18,W,-3.8,-2.175
143,DDR_DQ_11_IO,W,-6.139661,-3.570755
144,VSS,W,-2.4,-1.34
145,DDR_DQ_12_IO,W,-6.193679,-3.294763
146,VDD,W,-4.911181,-2.306237
147,DDR_DQ_13_IO,W,-6.242982,-3.020084
148,VSS,W,-2.4,-1.105
149,DDR_DQ_14_IO,W,-6.288039,-2.744357
150,V18,W,-3.8,-1.45
151,DDR_DQ_15_IO,W,-6.329701,-2.461349
152,VSS,W,-2.4,-0.895
153,DDR_DQS_P_0_IO,W,-6.365944,-2.184897
154,VDD,W,-5.003204,-1.653933
155,DDR_DQS_N_0_IO,W,-6.398241,-1.904453
156,VSS,W,-2.4,-0.72
157,DDR_DM_0_O,W,-6.425635,-1.628685
158,V18,W,-3.8,-0.92
159,DDR_DQ_0_IO,W,-6.448248,-1.359104
160,VSS,W,-2.4,-0.505
161,DDR_DQ_1_IO,W,-6.466761,-1.089497
162,VDD,W,-5.080426,-0.744763
163,DDR_DQ_2_IO,W,-6.481145,-0.820742
164,VSS,W,-2.4,-0.276529
165,DDR_DQ_3_IO,W,-6.491496,-0.551281
166,V18,W,-3.8,-0.24
167,DDR_DQ_4_IO,W,-6.497801,-0.280358
168,VSS,W,-2.4,-0.055859
169,DDR_DQ_5_IO,W,-6.499997,-0.009995
170,VDD,W,-5.099611,0.10496
171,DDR_DQ_6_IO,W,-6.49814,0.257833
172,VSS,W,-2.4,0.165096
173,DDR_DQ_7_IO,W,-6.492067,0.532446
174,V18,W,-3.8,0.4
175,BSG_TAG_DATA_O,W,-6.482022,0.801437
176,VSS,W,-2.4,0.39
177,BSG_TAG_CLK_O,W,-6.467984,1.06928
178,VDD,W,-5.067703,0.956464
179,CO2_0_O,W,-6.44866,1.353696
180,VSS,W,-2.4,0.62
181,CO2_1_O,W,-6.425218,1.633232
182,V18,W,-3.8,1.1
183,CO2_2_O,W,-6.397445,1.911877
184,VSS,W,-2.4,0.86
185,CO2_3_O,W,-6.366001,2.184433
186,VDD,W,-5.006311,1.627263
187,CO2_4_O,W,-6.330875,2.452893
188,VSS,W,-2.4,1.08
189,CO2_CLK_O,W,-6.290258,2.73004
190,V18,W,-3.8,1.79
191,CO2_TKN_I,W,-6.245913,3.002939
192,VSS,W,-2.4,1.31
193,CO2_V_O,W,-6.197141,3.276249
194,VDD,W,-4.835592,2.725425
195,CO2_5_O,W,-6.144096,3.548934
196,VSS,W,-2.4,1.56
197,CO2_6_O,W,-6.084114,3.833099
198,V18,W,-3.8,2.55
199,CO2_7_O,W,-6.020541,4.111949
200,VSS,W,-2.4,1.74
201,CO2_8_O,W,-5.953506,4.385825
202,VDD,N,-3.596408,4.636301
203,CO_0_O,N,-4.695167,5.872247
204,VSS,N,-1.835,2.4
205,CO_1_O,N,-4.404595,5.948744
206,V18,N,-2.58,3.8
207,CO_2_O,N,-4.12916,6.016463
208,VSS,N,-1.56,2.4
209,CO_3_O,N,-3.855405,6.079201
210,VDD,N,-2.715377,4.837557
211,CO_4_O,N,-3.568007,6.140221
212,VSS,N,-1.38,2.4
213,CO_CLK_O,N,-3.287211,6.195093
214,V18,N,-1.96,3.8
215,CO_TKN_I,N,-3.010782,6.244574
216,VSS,N,-1.145,2.4
217,CO_V_O,N,-2.741321,6.288511
218,VDD,N,-2.07084,4.947957
219,CO_5_O,N,-2.46706,6.328906
220,VSS,N,-0.95,2.4
221,CO_6_O,N,-2.200498,6.364016
222,V18,N,-1.27,3.8
223,CO_7_O,N,-1.930589,6.395421
224,VSS,N,-0.715,2.4
225,CO_8_O,N,-1.651258,6.423555
226,VDD,N,-1.197402,5.049348
227,CLK_A_I,N,-1.369039,6.447488
228,VSS,N,-0.49,2.4
229,CLK_B_I,N,-1.099148,6.466169
230,V18,N,-0.57,3.8
231,CLK_C_I,N,-0.82772,6.480823
232,VSS,N,-0.24,2.4
233,CLK_O,N,-0.559413,6.491243
234,VDD_PLL,N,-0.299721,5.096832
235,CLK_ASYNC_RESET,N,-0.018,5.099989
236,VSS_PLL,N,0.259773,5.09762
237,MISC_O,N,0.538549,6.491884
238,VDD,N,0.541133,5.08967
239,SEL_0_I,N,0.805084,6.481857
240,VSS,N,0.33,2.4
241,SEL_1_I,N,1.073959,6.467703
242,V18,N,0.72,3.8
243,SEL_2_I,N,1.344949,6.449322
244,VSS,N,0.57,2.4
245,CORE_ASYNC_RESE,N,1.61607,6.426785
246,VDD,N,1.378325,5.032846
247,CI2_0_I,N,1.880089,6.400836
248,VSS,N,0.78,2.4
249,CI2_1_I,N,2.15122,6.37006
250,V18,N,1.39,3.8
251,CI2_2_I,N,2.423413,6.334935
252,VSS,N,1.05,2.4
253,CI2_3_I,N,2.692861,6.295965
254,VDD,N,2.220793,4.924999
255,CI2_4_I,N,2.960557,6.253084
256,VSS,N,1.24,2.4
257,CI2_CLK_I,N,3.232293,6.205281
258,V18,N,2.11,3.8
259,CI2_TKN_O,N,3.512301,6.151478
260,VSS,N,1.48,2.4
261,CI2_V_I,N,3.7901,6.093501
262,VDD,N,3.085581,4.760181
263,CI2_5_I,N,4.068981,6.030643
264,VSS,N,1.66,2.4
265,CI2_6_I,N,4.344715,5.963861
266,V18,N,2.925,3.8
267,CI2_7_I,N,4.620963,5.892279
268,VSS,N,1.89,2.4
269,CI2_8_I,N,4.915245,5.810813
